{"max_depth": 13, "learning_rate": 0.021021951128739252, "n_estimators": 292, "min_child_weight": 9, "subsample": 0.9677708045794}